Subject,Educ,Income2005
2,12,"$5,500.00 "
7,12,"$19,000.00 "
29,12,"$85,000.00 "
37,12,"$37,000.00 "
38,12,"$70,000.00 "
39,12,"$67,000.00 "
42,12,"$45,000.00 "
44,12,"$7,200.00 "
47,12,"$66,309.00 "
57,12,"$12,000.00 "
87,12,"$17,000.00 "
105,12,"$40,000.00 "
133,12,"$52,000.00 "
145,12,"$10,000.00 "
146,12,"$50,000.00 "
148,12,"$21,800.00 "
149,12,"$95,000.00 "
152,12,"$85,000.00 "
165,12,"$50,000.00 "
179,12,"$29,000.00 "
185,12,"$34,000.00 "
197,12,"$17,000.00 "
199,12,"$38,000.00 "
200,12,"$35,000.00 "
207,12,"$32,000.00 "
233,12,"$39,000.00 "
234,12,"$140,000.00 "
240,12,"$38,000.00 "
242,12,"$75,000.00 "
243,12,"$94,600.00 "
244,12,"$5,000.00 "
257,12,"$22,000.00 "
259,12,"$14,000.00 "
279,12,"$64,500.00 "
283,12,"$53,000.00 "
284,12,"$90,000.00 "
294,12,"$12,000.00 "
310,12,"$70,000.00 "
323,12,"$80,000.00 "
348,12,"$164,307.00 "
351,12,"$39,000.00 "
354,12,"$9,600.00 "
362,12,"$48,000.00 "
373,12,"$9,000.00 "
375,12,"$17,500.00 "
377,12,"$10,000.00 "
381,12,"$105,000.00 "
385,12,"$41,500.00 "
386,12,"$43,000.00 "
391,12,"$35,000.00 "
392,12,"$60,000.00 "
401,12,"$11,500.00 "
408,12,"$68,000.00 "
410,12,"$31,085.00 "
411,12,"$16,000.00 "
426,12,"$82,000.00 "
433,12,"$21,528.00 "
434,12,"$59,000.00 "
437,12,"$22,000.00 "
446,12,"$32,000.00 "
449,12,"$14,000.00 "
465,12,"$12,000.00 "
470,12,"$46,000.00 "
484,12,"$30,000.00 "
485,12,"$12,000.00 "
486,12,"$196,424.00 "
491,12,"$20,000.00 "
502,12,"$90,000.00 "
503,12,"$23,000.00 "
505,12,"$28,000.00 "
535,12,"$20,000.00 "
540,12,"$60,000.00 "
543,12,"$98,000.00 "
548,12,"$15,000.00 "
550,12,"$22,000.00 "
594,12,"$80,000.00 "
613,12,"$95,000.00 "
616,12,"$25,000.00 "
632,12,"$4,000.00 "
636,12,"$40,000.00 "
639,12,"$35,000.00 "
640,12,"$42,000.00 "
646,12,"$12,500.00 "
647,12,"$61,000.00 "
662,12,"$22,000.00 "
669,12,"$29,000.00 "
674,12,"$50,000.00 "
679,12,"$20,000.00 "
681,12,"$5,000.00 "
684,12,"$72,000.00 "
697,12,"$50,000.00 "
703,12,"$3,000.00 "
709,12,"$41,167.00 "
711,12,"$40,000.00 "
713,12,"$11,000.00 "
717,12,"$40,000.00 "
719,12,"$48,000.00 "
720,12,"$35,000.00 "
723,12,"$25,000.00 "
728,12,"$30,000.00 "
731,12,"$40,000.00 "
732,12,"$35,000.00 "
745,12,"$41,000.00 "
747,12,"$50,300.00 "
755,12,"$37,000.00 "
756,12,"$26,000.00 "
758,12,"$20,000.00 "
762,12,"$12,000.00 "
763,12,"$23,000.00 "
769,12,"$3,000.00 "
772,12,"$74,000.00 "
789,12,"$15,000.00 "
797,12,"$72,000.00 "
799,12,"$53,000.00 "
802,12,"$30,000.00 "
806,12,"$35,000.00 "
814,12,"$16,000.00 "
815,12,"$23,400.00 "
832,12,"$20,000.00 "
843,12,"$3,000.00 "
849,12,"$20,000.00 "
851,12,"$48,000.00 "
854,12,"$22,000.00 "
859,12,"$46,000.00 "
860,12,"$37,500.00 "
861,12,"$29,000.00 "
863,12,"$125,000.00 "
866,12,"$36,000.00 "
875,12,"$40,000.00 "
878,12,"$50,000.00 "
888,12,"$50,000.00 "
891,12,"$36,000.00 "
914,12,"$71,500.00 "
922,12,"$90,000.00 "
929,12,"$42,000.00 "
932,12,"$30,000.00 "
935,12,"$9,800.00 "
938,12,"$38,500.00 "
942,12,"$43,000.00 "
949,12,"$70,000.00 "
950,12,"$30,000.00 "
951,12,"$72,000.00 "
952,12,"$23,600.00 "
955,12,"$40,000.00 "
958,12,"$35,000.00 "
963,12,"$65,000.00 "
964,12,"$48,000.00 "
966,12,"$44,000.00 "
967,12,"$56,000.00 "
968,12,"$65,000.00 "
969,12,"$31,000.00 "
970,12,"$110,000.00 "
971,12,"$3,000.00 "
972,12,"$38,000.00 "
973,12,"$42,000.00 "
990,12,"$39,000.00 "
996,12,"$60,000.00 "
997,12,"$46,000.00 "
1007,12,"$125,000.00 "
1011,12,"$45,000.00 "
1029,12,"$17,000.00 "
1042,12,"$26,000.00 "
1043,12,"$16,000.00 "
1044,12,"$25,000.00 "
1048,12,"$13,000.00 "
1056,12,"$24,000.00 "
1060,12,"$12,000.00 "
1062,12,"$115,000.00 "
1063,12,"$20,518.00 "
1065,12,"$20,160.00 "
1071,12,"$12,649.00 "
1080,12,"$7,500.00 "
1085,12,"$36,000.00 "
1092,12,"$15,000.00 "
1096,12,"$48,000.00 "
1111,12,"$44,000.00 "
1114,12,"$50,000.00 "
1118,12,"$80,000.00 "
1130,12,"$5,000.00 "
1141,12,"$30,000.00 "
1147,12,"$6,500.00 "
1156,12,"$25,000.00 "
1169,12,"$130,000.00 "
1179,12,"$35,000.00 "
1221,12,"$16,200.00 "
1222,12,"$38,000.00 "
1237,12,"$24,000.00 "
1247,12,"$8,000.00 "
1249,12,"$80,000.00 "
1250,12,"$17,000.00 "
1251,12,"$31,000.00 "
1253,12,"$21,600.00 "
1257,12,"$23,000.00 "
1272,12,"$39,000.00 "
1312,12,"$18,000.00 "
1319,12,"$43,000.00 "
1327,12,"$53,000.00 "
1351,12,"$13,000.00 "
1353,12,"$20,000.00 "
1357,12,"$38,000.00 "
1360,12,"$27,000.00 "
1366,12,"$29,800.00 "
1383,12,"$80,000.00 "
1384,12,"$26,000.00 "
1386,12,"$52,000.00 "
1397,12,"$45,000.00 "
1416,12,"$12,000.00 "
1417,12,"$31,000.00 "
1418,12,"$41,000.00 "
1419,12,"$22,000.00 "
1425,12,"$38,000.00 "
1426,12,"$38,685.00 "
1438,12,"$27,000.00 "
1462,12,"$28,600.00 "
1468,12,"$29,000.00 "
1490,12,"$25,000.00 "
1493,12,"$245,549.00 "
1495,12,"$15,000.00 "
1499,12,"$16,000.00 "
1500,12,"$50,000.00 "
1506,12,"$42,000.00 "
1507,12,"$22,000.00 "
1515,12,"$67,000.00 "
1516,12,"$23,300.00 "
1521,12,"$41,000.00 "
1527,12,"$28,000.00 "
1531,12,"$26,000.00 "
1532,12,"$17,407.00 "
1534,12,"$52,000.00 "
1539,12,"$30,000.00 "
1541,12,"$41,400.00 "
1551,12,"$19,000.00 "
1553,12,"$40,000.00 "
1554,12,"$59,000.00 "
1556,12,"$32,176.00 "
1560,12,"$19,000.00 "
1577,12,"$59,000.00 "
1580,12,"$56,000.00 "
1585,12,"$60,000.00 "
1590,12,"$16,000.00 "
1591,12,"$7,000.00 "
1592,12,"$10,000.00 "
1593,12,"$17,000.00 "
1595,12,"$120,000.00 "
1597,12,"$52,000.00 "
1599,12,"$24,000.00 "
1602,12,"$90,000.00 "
1605,12,"$40,000.00 "
1607,12,"$19,200.00 "
1608,12,"$11,040.00 "
1610,12,"$18,000.00 "
1617,12,"$20,000.00 "
1627,12,"$20,000.00 "
1629,12,"$100,000.00 "
1635,12,"$40,000.00 "
1636,12,"$56,000.00 "
1637,12,"$15,000.00 "
1640,12,"$48,000.00 "
1641,12,"$110,000.00 "
1651,12,"$153,334.00 "
1656,12,"$33,000.00 "
1721,12,"$80,000.00 "
1729,12,"$24,000.00 "
1750,12,"$44,000.00 "
1768,12,"$8,000.00 "
1769,12,"$29,515.00 "
1786,12,"$46,800.00 "
1788,12,"$56,856.00 "
1790,12,"$34,000.00 "
1802,12,"$27,915.00 "
1826,12,"$45,000.00 "
1835,12,"$40,000.00 "
1838,12,"$17,000.00 "
1839,12,"$18,000.00 "
1860,12,"$29,000.00 "
1862,12,$900.00 
1863,12,"$20,000.00 "
1865,12,"$28,000.00 "
1866,12,"$25,000.00 "
1867,12,"$52,000.00 "
1869,12,"$14,000.00 "
1872,12,"$35,000.00 "
1873,12,"$22,000.00 "
1878,12,"$8,000.00 "
1881,12,"$40,000.00 "
1884,12,"$12,500.00 "
1887,12,"$11,000.00 "
1890,12,"$18,000.00 "
1891,12,"$26,800.00 "
1899,12,"$32,000.00 "
1902,12,"$40,574.00 "
1904,12,"$26,000.00 "
1905,12,"$45,000.00 "
1910,12,"$55,000.00 "
1917,12,"$48,000.00 "
1918,12,"$68,000.00 "
1925,12,"$44,000.00 "
1926,12,"$16,000.00 "
1927,12,"$21,455.00 "
1947,12,"$16,000.00 "
1957,12,"$47,000.00 "
1959,12,"$36,000.00 "
1961,12,"$100,000.00 "
1962,12,"$25,000.00 "
1963,12,"$67,000.00 "
1964,12,"$30,000.00 "
1965,12,"$25,000.00 "
1966,12,"$42,000.00 "
1971,12,"$65,000.00 "
1975,12,"$41,000.00 "
1977,12,"$50,000.00 "
1985,12,"$25,000.00 "
1988,12,"$46,000.00 "
1990,12,"$26,000.00 "
1996,12,"$32,000.00 "
1998,12,"$9,724.00 "
2002,12,"$12,000.00 "
2003,12,"$8,000.00 "
2012,12,"$32,000.00 "
2013,12,"$9,200.00 "
2014,12,"$27,000.00 "
2018,12,"$27,640.00 "
2020,12,"$26,000.00 "
2032,12,"$32,000.00 "
2033,12,"$157,117.00 "
2035,12,"$25,000.00 "
2045,12,"$30,000.00 "
2046,12,"$24,000.00 "
2055,12,"$30,000.00 "
2066,12,"$29,000.00 "
2067,12,"$60,000.00 "
2070,12,"$60,000.00 "
2072,12,"$4,000.00 "
2073,12,"$22,000.00 "
2074,12,"$58,000.00 "
2075,12,"$66,000.00 "
2076,12,"$39,144.00 "
2079,12,"$28,000.00 "
2080,12,"$17,000.00 "
2081,12,"$46,000.00 "
2086,12,"$27,000.00 "
2087,12,"$40,000.00 "
2089,12,"$40,000.00 "
2090,12,"$37,000.00 "
2093,12,"$48,000.00 "
2094,12,"$29,000.00 "
2097,12,"$71,000.00 "
2100,12,"$52,000.00 "
2101,12,"$90,000.00 "
2102,12,"$24,000.00 "
2104,12,"$34,500.00 "
2106,12,"$52,000.00 "
2122,12,"$26,000.00 "
2135,12,"$70,000.00 "
2138,12,"$36,000.00 "
2140,12,"$55,000.00 "
2146,12,"$14,000.00 "
2152,12,"$28,000.00 "
2153,12,"$12,000.00 "
2156,12,"$40,500.00 "
2157,12,"$24,000.00 "
2158,12,"$3,600.00 "
2165,12,"$12,000.00 "
2173,12,"$52,000.00 "
2180,12,"$40,000.00 "
2182,12,"$65,000.00 "
2196,12,"$5,280.00 "
2201,12,"$32,000.00 "
2203,12,"$22,500.00 "
2208,12,"$25,000.00 "
2216,12,"$43,000.00 "
2223,12,"$55,000.00 "
2225,12,"$56,000.00 "
2227,12,"$28,263.00 "
2229,12,"$33,000.00 "
2247,12,"$58,000.00 "
2250,12,"$20,000.00 "
2251,12,"$7,225.00 "
2261,12,"$32,000.00 "
2264,12,"$13,000.00 "
2266,12,"$15,000.00 "
2270,12,"$15,000.00 "
2271,12,"$13,000.00 "
2304,12,"$50,000.00 "
2313,12,"$25,000.00 "
2314,12,"$50,000.00 "
2316,12,"$30,000.00 "
2322,12,"$46,000.00 "
2326,12,"$44,000.00 "
2327,12,"$26,000.00 "
2334,12,"$37,500.00 "
2361,12,"$99,000.00 "
2380,12,"$22,000.00 "
2383,12,"$8,500.00 "
2394,12,"$60,000.00 "
2396,12,"$13,986.00 "
2400,12,"$24,024.00 "
2401,12,"$48,000.00 "
2404,12,"$28,800.00 "
2412,12,"$15,000.00 "
2413,12,"$40,000.00 "
2418,12,"$35,000.00 "
2420,12,"$7,500.00 "
2425,12,"$35,000.00 "
2427,12,"$75,000.00 "
2434,12,"$20,000.00 "
2435,12,"$35,000.00 "
2436,12,"$78,000.00 "
2439,12,"$32,000.00 "
2450,12,"$14,750.00 "
2451,12,"$23,100.00 "
2452,12,"$30,000.00 "
2459,12,"$4,560.00 "
2460,12,"$10,875.00 "
2470,12,"$46,500.00 "
2471,12,"$20,000.00 "
2473,12,"$42,000.00 "
2475,12,"$56,000.00 "
2478,12,"$20,376.00 "
2479,12,"$25,000.00 "
2483,12,"$29,000.00 "
2527,12,"$60,000.00 "
2528,12,"$6,000.00 "
2529,12,"$5,000.00 "
2530,12,"$27,000.00 "
2535,12,"$41,000.00 "
2537,12,"$13,100.00 "
2539,12,"$38,000.00 "
2540,12,"$25,000.00 "
2541,12,"$70,000.00 "
2547,12,"$52,000.00 "
2553,12,"$39,800.00 "
2556,12,"$19,000.00 "
2564,12,"$16,000.00 "
2574,12,"$32,000.00 "
2578,12,"$22,000.00 "
2579,12,"$26,350.00 "
2582,12,"$34,000.00 "
2584,12,"$44,000.00 "
2591,12,"$34,000.00 "
2592,12,"$22,800.00 "
2594,12,"$62,000.00 "
2610,12,"$25,000.00 "
2614,12,"$50,000.00 "
2615,12,"$17,000.00 "
2629,12,"$39,264.00 "
2650,12,"$15,000.00 "
2651,12,"$3,983.00 "
2652,12,"$31,658.00 "
2654,12,"$20,000.00 "
2658,12,"$8,000.00 "
2659,12,"$2,000.00 "
2665,12,"$24,000.00 "
2669,12,"$5,000.00 "
2670,12,"$23,500.00 "
2672,12,"$11,000.00 "
2679,12,"$3,890.00 "
2682,12,"$12,000.00 "
2689,12,"$30,000.00 "
2690,12,"$28,000.00 "
2699,12,"$8,000.00 "
2706,12,"$36,500.00 "
2707,12,"$24,000.00 "
2708,12,"$25,000.00 "
2709,12,"$16,257.00 "
2710,12,"$26,000.00 "
2711,12,"$30,620.00 "
2729,12,"$7,000.00 "
2732,12,"$33,955.00 "
2745,12,"$28,000.00 "
2748,12,"$25,000.00 "
2760,12,"$26,000.00 "
2772,12,"$21,000.00 "
2775,12,"$19,500.00 "
2780,12,"$32,000.00 "
2781,12,"$18,000.00 "
2797,12,"$50,000.00 "
2810,12,"$8,000.00 "
2811,12,"$25,000.00 "
2816,12,"$82,000.00 "
2829,12,"$32,000.00 "
2830,12,"$19,000.00 "
2832,12,"$48,000.00 "
2852,12,"$33,000.00 "
2858,12,"$56,000.00 "
2863,12,"$40,000.00 "
2864,12,"$22,000.00 "
2911,12,"$2,000.00 "
2912,12,"$15,000.00 "
2920,12,"$75,000.00 "
2921,12,"$60,000.00 "
2944,12,"$32,000.00 "
2974,12,"$89,000.00 "
2976,12,"$53,000.00 "
2977,12,"$40,000.00 "
2978,12,"$9,000.00 "
2990,12,"$5,000.00 "
2994,12,"$97,200.00 "
2995,12,"$24,000.00 "
2997,12,"$74,000.00 "
2998,12,"$42,000.00 "
3020,12,"$10,800.00 "
3023,12,"$30,000.00 "
3035,12,"$30,000.00 "
3036,12,"$52,000.00 "
3037,12,"$72,000.00 "
3039,12,"$65,000.00 "
3046,12,"$30,000.00 "
3051,12,"$17,000.00 "
3054,12,"$15,000.00 "
3055,12,"$30,000.00 "
3057,12,"$18,000.00 "
3065,12,"$25,000.00 "
3077,12,"$70,000.00 "
3079,12,"$30,000.00 "
3081,12,"$37,000.00 "
3082,12,"$25,000.00 "
3090,12,"$31,600.00 "
3094,12,"$2,200.00 "
3095,12,"$18,000.00 "
3100,12,"$50,000.00 "
3113,12,"$40,000.00 "
3118,12,"$28,000.00 "
3127,12,"$22,000.00 "
3134,12,"$6,000.00 "
3138,12,"$50,000.00 "
3151,12,"$47,000.00 "
3163,12,"$34,000.00 "
3177,12,"$55,000.00 "
3192,12,"$28,000.00 "
3194,12,"$40,000.00 "
3195,12,"$48,000.00 "
3196,12,"$72,000.00 "
3197,12,"$31,500.00 "
3199,12,"$29,500.00 "
3215,12,"$40,000.00 "
3221,12,"$67,000.00 "
3235,12,"$26,000.00 "
3236,12,"$3,000.00 "
3242,12,"$9,000.00 "
3246,12,"$49,400.00 "
3252,12,"$29,000.00 "
3254,12,"$26,800.00 "
3267,12,"$23,000.00 "
3273,12,"$24,000.00 "
3277,12,"$60,000.00 "
3285,12,"$30,000.00 "
3310,12,"$32,000.00 "
3324,12,"$96,000.00 "
3325,12,$300.00 
3329,12,"$45,000.00 "
3346,12,"$58,000.00 "
3347,12,"$40,000.00 "
3353,12,"$44,000.00 "
3374,12,"$68,000.00 "
3381,12,"$125,000.00 "
3389,12,"$60,000.00 "
3397,12,"$13,000.00 "
3403,12,"$120,000.00 "
3413,12,"$36,000.00 "
3417,12,"$8,000.00 "
3418,12,"$46,000.00 "
3444,12,"$19,200.00 "
3452,12,"$20,000.00 "
3455,12,"$61,200.00 "
3456,12,"$10,000.00 "
3465,12,"$35,000.00 "
3467,12,"$17,000.00 "
3471,12,"$40,000.00 "
3475,12,"$26,000.00 "
3479,12,"$80,000.00 "
3487,12,"$39,000.00 "
3491,12,"$13,000.00 "
3492,12,"$47,000.00 "
3493,12,"$40,000.00 "
3495,12,"$80,000.00 "
3502,12,"$41,000.00 "
3503,12,"$88,000.00 "
3508,12,"$18,000.00 "
3511,12,"$16,000.00 "
3513,12,"$27,000.00 "
3514,12,"$24,000.00 "
3522,12,$500.00 
3527,12,"$3,800.00 "
3537,12,"$26,000.00 "
3538,12,"$33,900.00 "
3543,12,"$18,000.00 "
3544,12,"$3,200.00 "
3549,12,"$1,500.00 "
3550,12,"$25,000.00 "
3553,12,"$55,000.00 "
3559,12,"$60,000.00 "
3561,12,"$42,000.00 "
3562,12,"$5,000.00 "
3563,12,"$34,000.00 "
3565,12,"$36,000.00 "
3569,12,"$42,000.00 "
3574,12,"$47,000.00 "
3575,12,"$56,000.00 "
3579,12,"$45,000.00 "
3580,12,"$36,000.00 "
3584,12,"$16,000.00 "
3589,12,"$50,987.00 "
3591,12,"$4,471.00 "
3592,12,"$56,000.00 "
3600,12,"$60,000.00 "
3611,12,"$15,000.00 "
3616,12,"$35,000.00 "
3620,12,"$32,000.00 "
3640,12,"$21,000.00 "
3649,12,"$29,400.00 "
3650,12,"$32,000.00 "
3660,12,"$23,400.00 "
3694,12,"$56,000.00 "
3697,12,"$5,000.00 "
3699,12,"$20,477.00 "
3708,12,"$144,000.00 "
3719,12,"$29,000.00 "
3721,12,"$52,000.00 "
3722,12,"$55,000.00 "
3723,12,"$16,000.00 "
3732,12,"$36,000.00 "
3735,12,"$60,000.00 "
3736,12,"$49,000.00 "
3737,12,"$58,000.00 "
3738,12,"$18,000.00 "
3739,12,"$16,000.00 "
3740,12,"$20,000.00 "
3741,12,"$9,300.00 "
3746,12,"$16,390.00 "
3751,12,"$45,000.00 "
3754,12,"$33,000.00 "
3760,12,"$33,000.00 "
3770,12,"$52,000.00 "
3780,12,"$55,000.00 "
3784,12,"$29,000.00 "
3789,12,"$52,000.00 "
3790,12,"$22,049.00 "
3796,12,"$34,000.00 "
3814,12,"$42,000.00 "
3819,12,"$15,000.00 "
3821,12,"$1,500.00 "
3822,12,"$5,000.00 "
3825,12,"$22,000.00 "
3829,12,"$167,803.00 "
3830,12,"$45,000.00 "
3833,12,"$40,000.00 "
3837,12,"$35,000.00 "
3838,12,"$85,000.00 "
3845,12,"$24,000.00 "
3846,12,"$52,000.00 "
3847,12,"$67,000.00 "
3850,12,"$32,000.00 "
3851,12,"$16,000.00 "
3852,12,"$14,000.00 "
3900,12,"$32,000.00 "
3929,12,"$10,000.00 "
3933,12,"$50,000.00 "
3938,12,"$22,000.00 "
3957,12,"$68,000.00 "
3958,12,"$40,000.00 "
3977,12,$600.00 
3994,12,"$26,000.00 "
4004,12,"$46,000.00 "
4013,12,"$36,000.00 "
4014,12,"$62,000.00 "
4022,12,"$90,000.00 "
4025,12,"$24,000.00 "
4028,12,"$24,500.00 "
4032,12,"$35,000.00 "
4036,12,"$52,000.00 "
4046,12,"$18,000.00 "
4048,12,"$25,000.00 "
4049,12,"$90,000.00 "
4062,12,"$52,000.00 "
4064,12,"$20,000.00 "
4065,12,"$9,000.00 "
4067,12,"$30,000.00 "
4071,12,"$15,000.00 "
4077,12,"$15,000.00 "
4085,12,"$11,000.00 "
4089,12,"$20,000.00 "
4090,12,"$58,000.00 "
4097,12,"$66,000.00 "
4103,12,"$36,500.00 "
4105,12,"$3,408.00 "
4112,12,"$5,700.00 "
4113,12,"$9,600.00 "
4114,12,"$34,000.00 "
4128,12,"$40,000.00 "
4130,12,"$32,500.00 "
4141,12,"$6,000.00 "
4142,12,"$20,000.00 "
4145,12,"$25,000.00 "
4159,12,"$30,000.00 "
4161,12,"$45,000.00 "
4163,12,"$29,000.00 "
4173,12,"$12,500.00 "
4175,12,"$26,000.00 "
4184,12,"$25,000.00 "
4196,12,"$23,000.00 "
4205,12,"$32,000.00 "
4216,12,"$48,000.00 "
4220,12,"$15,000.00 "
4222,12,"$23,031.00 "
4239,12,"$48,000.00 "
4240,12,"$50,000.00 "
4242,12,"$48,000.00 "
4249,12,"$26,000.00 "
4251,12,"$62,500.00 "
4263,12,"$16,000.00 "
4268,12,"$84,600.00 "
4274,12,"$11,550.00 "
4278,12,"$80,000.00 "
4279,12,"$150,000.00 "
4300,12,"$56,000.00 "
4303,12,"$32,000.00 "
4312,12,"$18,000.00 "
4314,12,"$30,000.00 "
4324,12,"$58,000.00 "
4326,12,"$13,200.00 "
4327,12,"$38,000.00 "
4333,12,"$20,000.00 "
4338,12,"$22,000.00 "
4339,12,"$12,000.00 "
4345,12,"$14,000.00 "
4374,12,"$30,000.00 "
4386,12,"$19,900.00 "
4390,12,"$34,000.00 "
4427,12,"$45,000.00 "
4459,12,"$9,000.00 "
4461,12,"$18,000.00 "
4469,12,"$31,200.00 "
4487,12,"$33,000.00 "
4496,12,"$47,000.00 "
4498,12,"$39,000.00 "
4505,12,"$25,000.00 "
4519,12,"$50,000.00 "
4520,12,"$40,000.00 "
4524,12,"$50,000.00 "
4538,12,"$40,000.00 "
4541,12,"$35,000.00 "
4543,12,"$1,800.00 "
4544,12,"$12,000.00 "
4557,12,"$6,580.00 "
4561,12,"$16,000.00 "
4563,12,"$60,000.00 "
4566,12,"$90,000.00 "
4569,12,"$85,000.00 "
4583,12,"$21,000.00 "
4586,12,"$38,154.00 "
4589,12,"$38,200.00 "
4594,12,"$25,000.00 "
4596,12,"$65,000.00 "
4601,12,"$30,000.00 "
4604,12,"$27,412.00 "
4619,12,"$9,500.00 "
4621,12,"$24,000.00 "
4623,12,"$62,000.00 "
4630,12,"$130,000.00 "
4637,12,"$25,000.00 "
4638,12,"$17,000.00 "
4641,12,"$18,000.00 "
4646,12,"$24,000.00 "
4676,12,"$45,000.00 "
4678,12,"$5,000.00 "
4680,12,"$14,000.00 "
4701,12,"$197,062.00 "
4707,12,"$72,000.00 "
4710,12,"$15,000.00 "
4711,12,"$40,000.00 "
4714,12,"$45,000.00 "
4716,12,"$58,000.00 "
4720,12,"$67,000.00 "
4722,12,"$35,000.00 "
4724,12,"$8,400.00 "
4732,12,"$21,424.00 "
4734,12,"$12,000.00 "
4746,12,"$36,000.00 "
4747,12,"$12,000.00 "
4752,12,"$42,000.00 "
4755,12,"$54,000.00 "
4759,12,"$62,000.00 "
4762,12,"$8,600.00 "
4764,12,"$55,000.00 "
4765,12,"$70,000.00 "
4770,12,"$31,000.00 "
4772,12,"$24,000.00 "
4774,12,"$4,800.00 "
4776,12,"$41,000.00 "
4777,12,"$22,000.00 "
4778,12,"$26,000.00 "
4779,12,"$27,000.00 "
4780,12,"$25,000.00 "
4788,12,"$66,000.00 "
4790,12,"$13,000.00 "
4804,12,"$12,000.00 "
4817,12,"$35,000.00 "
4818,12,"$21,000.00 "
4822,12,"$30,775.00 "
4849,12,"$20,000.00 "
4858,12,"$64,000.00 "
4864,12,"$8,575.00 "
4876,12,"$35,000.00 "
4879,12,"$26,500.00 "
4884,12,"$33,000.00 "
4888,12,"$38,083.00 "
4900,12,"$50,000.00 "
4906,12,"$7,300.00 "
4911,12,"$6,000.00 "
4914,12,"$29,000.00 "
4926,12,"$48,000.00 "
4934,12,"$25,000.00 "
4942,12,"$54,000.00 "
4945,12,"$35,000.00 "
4948,12,"$18,000.00 "
4952,12,"$26,000.00 "
4955,12,"$40,000.00 "
4966,12,"$32,000.00 "
4979,12,"$58,000.00 "
4983,12,"$8,000.00 "
4986,12,"$410,008.00 "
4992,12,"$30,000.00 "
5007,12,"$63,000.00 "
5041,12,"$14,000.00 "
5060,12,"$24,314.00 "
5085,12,"$9,600.00 "
5097,12,"$119,000.00 "
5106,12,"$120,000.00 "
5115,12,"$27,400.00 "
5131,12,"$21,213.00 "
5139,12,"$15,000.00 "
5145,12,"$36,000.00 "
5158,12,"$50,000.00 "
5159,12,"$1,200.00 "
5161,12,"$37,000.00 "
5162,12,"$100,000.00 "
5176,12,"$38,000.00 "
5179,12,"$23,000.00 "
5180,12,"$3,563.00 "
5184,12,"$38,000.00 "
5186,12,"$29,000.00 "
5189,12,"$27,000.00 "
5192,12,"$30,000.00 "
5194,12,"$32,000.00 "
5195,12,"$28,398.00 "
5208,12,"$25,000.00 "
5211,12,"$35,718.00 "
5219,12,"$83,000.00 "
5231,12,"$12,000.00 "
5236,12,"$8,400.00 "
5238,12,"$22,000.00 "
5247,12,"$26,000.00 "
5251,12,"$50,000.00 "
5252,12,"$9,000.00 "
5257,12,"$40,000.00 "
5258,12,"$33,800.00 "
5262,12,"$11,500.00 "
5268,12,"$11,548.00 "
5272,12,"$20,000.00 "
5278,12,"$55,000.00 "
5288,12,"$37,500.00 "
5291,12,"$47,500.00 "
5294,12,"$16,000.00 "
5301,12,"$29,479.00 "
5307,12,"$28,000.00 "
5311,12,"$10,000.00 "
5316,12,"$58,000.00 "
5317,12,"$7,200.00 "
5327,12,"$35,000.00 "
5338,12,"$21,939.00 "
5353,12,"$3,200.00 "
5356,12,"$36,800.00 "
5357,12,"$34,000.00 "
5362,12,"$56,000.00 "
5366,12,"$35,000.00 "
5376,12,"$12,000.00 "
5385,12,"$8,000.00 "
5401,12,"$35,000.00 "
5402,12,"$50,000.00 "
5417,12,"$196,680.00 "
5421,12,"$13,000.00 "
5435,12,"$36,000.00 "
5436,12,"$29,000.00 "
5440,12,"$38,000.00 "
5450,12,"$8,500.00 "
5451,12,"$50,000.00 "
5456,12,"$25,000.00 "
5470,12,"$43,000.00 "
5476,12,"$26,000.00 "
5484,12,$900.00 
5486,12,"$20,500.00 "
5491,12,"$52,000.00 "
5493,12,"$56,000.00 "
5494,12,"$29,800.00 "
5499,12,"$50,000.00 "
5502,12,"$16,000.00 "
5505,12,"$22,050.00 "
5508,12,"$20,000.00 "
5510,12,"$20,000.00 "
5514,12,"$10,000.00 "
5516,12,"$22,500.00 "
5521,12,"$18,560.00 "
5522,12,"$3,000.00 "
5524,12,"$1,300.00 "
5528,12,"$38,000.00 "
5531,12,"$110,000.00 "
5537,12,"$19,000.00 "
5538,12,"$15,000.00 "
5539,12,"$25,000.00 "
5544,12,"$10,056.00 "
5545,12,"$16,000.00 "
5546,12,"$32,000.00 "
5550,12,"$11,000.00 "
5551,12,"$29,000.00 "
5555,12,"$14,000.00 "
5558,12,"$45,000.00 "
5566,12,"$25,000.00 "
5572,12,"$31,000.00 "
5573,12,"$24,000.00 "
5575,12,"$15,785.00 "
5576,12,"$34,000.00 "
5580,12,"$47,000.00 "
5581,12,"$22,000.00 "
5585,12,"$54,000.00 "
5607,12,"$30,000.00 "
5613,12,"$30,000.00 "
5614,12,"$26,000.00 "
5616,12,"$35,000.00 "
5617,12,"$20,000.00 "
5625,12,"$40,000.00 "
5626,12,"$52,000.00 "
5637,12,"$52,000.00 "
5640,12,"$30,000.00 "
5646,12,"$33,000.00 "
5653,12,"$52,000.00 "
5668,12,"$60,000.00 "
5669,12,"$38,000.00 "
5671,12,"$20,000.00 "
5677,12,"$72,000.00 "
5684,12,"$12,000.00 "
5694,12,"$42,000.00 "
5696,12,"$72,000.00 "
5700,12,"$70,000.00 "
5705,12,"$10,900.00 "
5711,12,"$42,000.00 "
5712,12,"$26,280.00 "
5718,12,"$9,000.00 "
11759,12,"$50,000.00 "
11760,12,"$4,000.00 "
11785,12,"$78,000.00 "
11786,12,"$65,000.00 "
11792,12,"$19,000.00 "
11793,12,"$56,000.00 "
11794,12,"$40,000.00 "
11800,12,"$60,000.00 "
11801,12,$350.00 
11807,12,"$80,000.00 "
11811,12,"$8,000.00 "
11813,12,"$30,456.00 "
11822,12,"$57,500.00 "
11830,12,"$2,000.00 "
11839,12,"$45,000.00 "
11846,12,"$54,000.00 "
11849,12,"$50,000.00 "
11858,12,"$24,000.00 "
11860,12,"$40,000.00 "
11864,12,"$24,000.00 "
11865,12,"$42,500.00 "
11875,12,"$57,000.00 "
11878,12,"$22,000.00 "
11879,12,"$13,691.00 "
11880,12,"$15,000.00 "
11883,12,"$44,000.00 "
11884,12,"$2,200.00 "
11887,12,"$24,200.00 "
11891,12,"$10,000.00 "
11909,12,"$16,000.00 "
11917,12,"$35,000.00 "
11925,12,"$58,000.00 "
11926,12,"$45,000.00 "
11934,12,"$90,000.00 "
11935,12,"$24,000.00 "
11939,12,"$15,000.00 "
11940,12,"$14,000.00 "
11942,12,"$39,000.00 "
11947,12,"$90,000.00 "
11949,12,"$26,000.00 "
11950,12,"$2,000.00 "
11958,12,"$75,000.00 "
11973,12,"$60,000.00 "
11981,12,"$31,000.00 "
11993,12,"$40,000.00 "
12000,12,"$33,000.00 "
12008,12,"$60,000.00 "
12018,12,"$52,900.00 "
12019,12,"$58,000.00 "
12022,12,"$63,000.00 "
12031,12,"$40,000.00 "
12032,12,"$24,000.00 "
12039,12,"$22,000.00 "
12041,12,"$46,000.00 "
12042,12,"$3,000.00 "
12043,12,$628.00 
12055,12,"$51,000.00 "
12057,12,"$3,000.00 "
12076,12,"$6,000.00 "
12082,12,"$4,000.00 "
12083,12,"$22,000.00 "
12084,12,"$33,793.00 "
12090,12,"$30,000.00 "
12093,12,"$82,000.00 "
12097,12,"$54,000.00 "
12125,12,"$42,000.00 "
12126,12,"$21,000.00 "
12128,12,"$30,000.00 "
12130,12,"$24,000.00 "
12131,12,"$23,000.00 "
12133,12,"$11,560.00 "
12139,12,"$12,600.00 "
6,16,"$65,000.00 "
13,16,"$8,000.00 "
21,16,"$253,043.00 "
22,16,"$45,300.00 "
63,16,"$108,000.00 "
78,16,"$14,657.00 "
89,16,"$62,000.00 "
106,16,"$105,000.00 "
107,16,"$43,000.00 "
119,16,"$12,000.00 "
120,16,"$150,000.00 "
129,16,"$80,000.00 "
137,16,"$175,829.00 "
138,16,"$8,000.00 "
184,16,"$6,000.00 "
192,16,"$26,000.00 "
193,16,"$105,000.00 "
201,16,"$16,000.00 "
210,16,"$50,000.00 "
218,16,"$261,763.00 "
269,16,"$154,541.00 "
282,16,"$14,000.00 "
317,16,"$31,500.00 "
321,16,"$69,000.00 "
327,16,"$28,000.00 "
346,16,"$120,000.00 "
357,16,"$80,000.00 "
358,16,"$110,000.00 "
359,16,"$60,000.00 "
367,16,"$58,000.00 "
369,16,"$12,000.00 "
370,16,"$20,000.00 "
400,16,"$75,000.00 "
409,16,"$180,733.00 "
439,16,"$77,000.00 "
444,16,"$1,500.00 "
445,16,"$40,000.00 "
457,16,"$53,000.00 "
461,16,"$85,000.00 "
467,16,"$20,000.00 "
479,16,"$86,000.00 "
496,16,"$25,000.00 "
506,16,"$43,000.00 "
520,16,"$73,000.00 "
553,16,"$10,000.00 "
608,16,"$27,000.00 "
609,16,"$32,000.00 "
612,16,"$46,136.00 "
645,16,"$163,172.00 "
650,16,"$58,000.00 "
663,16,"$85,000.00 "
665,16,"$30,000.00 "
671,16,"$10,000.00 "
751,16,"$55,000.00 "
777,16,"$85,000.00 "
792,16,"$30,000.00 "
793,16,"$30,000.00 "
796,16,"$58,000.00 "
807,16,"$70,000.00 "
810,16,"$115,000.00 "
812,16,"$10,500.00 "
816,16,"$29,000.00 "
817,16,"$117,000.00 "
820,16,"$85,000.00 "
847,16,"$67,500.00 "
872,16,"$176,354.00 "
881,16,"$8,000.00 "
882,16,"$42,000.00 "
885,16,"$37,000.00 "
896,16,"$15,000.00 "
898,16,"$40,000.00 "
908,16,"$37,000.00 "
912,16,"$34,000.00 "
916,16,"$20,000.00 "
920,16,"$120,000.00 "
945,16,"$37,300.00 "
961,16,"$140,000.00 "
999,16,"$27,000.00 "
1003,16,"$70,000.00 "
1053,16,"$394,058.00 "
1078,16,"$61,000.00 "
1082,16,"$70,000.00 "
1093,16,"$35,000.00 "
1106,16,"$35,000.00 "
1122,16,"$37,000.00 "
1138,16,"$58,000.00 "
1139,16,"$60,000.00 "
1143,16,"$180,124.00 "
1144,16,"$248,713.00 "
1157,16,"$63,000.00 "
1176,16,"$77,000.00 "
1184,16,"$95,000.00 "
1186,16,"$140,000.00 "
1200,16,"$9,000.00 "
1268,16,"$90,000.00 "
1276,16,"$46,000.00 "
1286,16,"$32,000.00 "
1293,16,"$36,000.00 "
1311,16,"$130,000.00 "
1325,16,"$80,000.00 "
1347,16,"$157,280.00 "
1367,16,"$16,000.00 "
1368,16,"$39,000.00 "
1374,16,"$15,700.00 "
1394,16,"$62,000.00 "
1429,16,"$30,000.00 "
1432,16,"$42,000.00 "
1477,16,"$70,000.00 "
1481,16,"$71,000.00 "
1502,16,"$12,000.00 "
1510,16,"$26,000.00 "
1522,16,"$51,300.00 "
1552,16,"$9,200.00 "
1564,16,"$3,400.00 "
1569,16,"$63,000.00 "
1574,16,"$47,000.00 "
1587,16,"$27,300.00 "
1601,16,"$368,302.00 "
1622,16,"$60,000.00 "
1626,16,"$73,000.00 "
1631,16,"$85,000.00 "
1670,16,"$105,000.00 "
1733,16,"$115,000.00 "
1740,16,"$19,000.00 "
1763,16,"$22,000.00 "
1766,16,"$12,000.00 "
1808,16,"$125,000.00 "
1885,16,"$35,000.00 "
1924,16,"$65,000.00 "
1930,16,"$45,000.00 "
1950,16,"$22,000.00 "
1954,16,"$4,000.00 "
1967,16,"$40,000.00 "
1976,16,"$36,000.00 "
2005,16,"$78,000.00 "
2034,16,"$52,000.00 "
2049,16,"$33,000.00 "
2056,16,"$135,000.00 "
2061,16,"$50,000.00 "
2068,16,"$35,000.00 "
2083,16,"$26,000.00 "
2096,16,"$92,000.00 "
2124,16,"$115,000.00 "
2144,16,"$57,000.00 "
2159,16,"$70,000.00 "
2167,16,"$48,000.00 "
2168,16,"$57,600.00 "
2178,16,"$44,000.00 "
2202,16,"$35,000.00 "
2218,16,"$70,000.00 "
2220,16,"$82,000.00 "
2222,16,"$46,000.00 "
2230,16,"$40,000.00 "
2243,16,"$30,000.00 "
2286,16,"$26,000.00 "
2291,16,"$60,200.00 "
2299,16,"$47,000.00 "
2301,16,"$71,500.00 "
2323,16,"$100,000.00 "
2324,16,"$102,000.00 "
2328,16,"$31,000.00 "
2329,16,"$40,000.00 "
2372,16,"$65,000.00 "
2444,16,"$50,000.00 "
2494,16,"$72,000.00 "
2544,16,"$98,000.00 "
2545,16,"$103,000.00 "
2550,16,"$36,660.00 "
2551,16,"$39,500.00 "
2552,16,"$33,500.00 "
2557,16,"$96,000.00 "
2565,16,"$44,000.00 "
2570,16,"$15,300.00 "
2572,16,"$70,500.00 "
2590,16,"$60,000.00 "
2606,16,"$51,000.00 "
2607,16,"$35,000.00 "
2633,16,"$92,000.00 "
2637,16,"$48,000.00 "
2701,16,"$88,000.00 "
2702,16,"$91,500.00 "
2703,16,"$125,000.00 "
2714,16,"$45,000.00 "
2723,16,"$62,000.00 "
2730,16,"$10,000.00 "
2770,16,"$57,000.00 "
2771,16,"$10,000.00 "
2804,16,"$52,000.00 "
2813,16,"$75,000.00 "
2838,16,"$69,500.00 "
2848,16,"$19,285.00 "
2868,16,"$74,000.00 "
2894,16,"$166,924.00 "
2895,16,"$194,031.00 "
2899,16,"$30,000.00 "
2928,16,"$10,088.00 "
2930,16,"$32,000.00 "
2946,16,"$62,000.00 "
2948,16,"$12,500.00 "
2949,16,"$20,000.00 "
2950,16,"$93,000.00 "
2962,16,"$140,000.00 "
2984,16,"$359,118.00 "
2985,16,"$100,000.00 "
2988,16,"$100,000.00 "
2991,16,"$45,000.00 "
3016,16,"$85,000.00 "
3062,16,"$282,588.00 "
3084,16,"$183,223.00 "
3085,16,"$25,000.00 "
3141,16,"$80,000.00 "
3143,16,"$53,000.00 "
3145,16,"$5,000.00 "
3150,16,"$138,000.00 "
3153,16,"$151,083.00 "
3154,16,"$10,000.00 "
3157,16,"$60,000.00 "
3159,16,"$40,000.00 "
3205,16,"$90,000.00 "
3208,16,"$135,000.00 "
3243,16,"$50,000.00 "
3263,16,"$89,000.00 "
3266,16,$250.00 
3289,16,"$140,000.00 "
3303,16,"$18,000.00 "
3338,16,"$2,000.00 "
3352,16,"$1,200.00 "
3360,16,"$32,000.00 "
3378,16,"$8,220.00 "
3387,16,"$45,000.00 "
3410,16,"$65,000.00 "
3423,16,"$27,000.00 "
3429,16,$200.00 
3433,16,"$4,000.00 "
3463,16,"$57,000.00 "
3464,16,"$96,000.00 "
3466,16,"$60,000.00 "
3506,16,"$18,000.00 "
3530,16,"$62,000.00 "
3551,16,"$65,000.00 "
3581,16,"$129,000.00 "
3585,16,"$159,168.00 "
3601,16,"$40,000.00 "
3608,16,"$69,000.00 "
3617,16,"$89,000.00 "
3623,16,"$35,000.00 "
3625,16,"$26,000.00 "
3651,16,"$65,000.00 "
3669,16,"$10,000.00 "
3676,16,"$74,000.00 "
3677,16,"$60,000.00 "
3686,16,"$69,000.00 "
3709,16,"$30,000.00 "
3745,16,"$32,089.00 "
3775,16,"$53,000.00 "
3805,16,"$95,000.00 "
3809,16,"$100,000.00 "
3812,16,"$100,000.00 "
3815,16,"$263,445.00 "
3861,16,"$25,000.00 "
3872,16,"$30,000.00 "
3874,16,"$519,340.00 "
3875,16,"$92,000.00 "
3884,16,"$74,000.00 "
3889,16,"$15,000.00 "
3892,16,"$102,000.00 "
3898,16,"$110,000.00 "
3910,16,"$40,000.00 "
3922,16,"$22,000.00 "
3952,16,"$50,000.00 "
3967,16,"$125,000.00 "
3980,16,"$444,624.00 "
4023,16,"$65,000.00 "
4030,16,"$15,000.00 "
4045,16,"$50,000.00 "
4056,16,"$50,000.00 "
4057,16,"$35,000.00 "
4106,16,"$62,000.00 "
4108,16,"$23,900.00 "
4147,16,"$32,624.00 "
4164,16,"$20,000.00 "
4171,16,"$90,000.00 "
4172,16,"$34,900.00 "
4225,16,"$20,000.00 "
4257,16,"$34,000.00 "
4280,16,"$49,000.00 "
4285,16,"$40,000.00 "
4296,16,"$40,000.00 "
4299,16,"$42,000.00 "
4350,16,"$26,000.00 "
4352,16,"$30,000.00 "
4353,16,"$120,000.00 "
4355,16,"$22,000.00 "
4382,16,"$18,000.00 "
4392,16,"$37,000.00 "
4407,16,"$185,662.00 "
4410,16,"$63,000.00 "
4413,16,"$30,000.00 "
4426,16,"$211,052.00 "
4448,16,"$95,000.00 "
4466,16,"$80,000.00 "
4480,16,"$202,617.00 "
4508,16,"$72,000.00 "
4517,16,"$146,000.00 "
4531,16,"$113,000.00 "
4532,16,"$73,000.00 "
4540,16,"$57,000.00 "
4548,16,"$100,000.00 "
4565,16,"$98,000.00 "
4606,16,"$15,000.00 "
4632,16,"$45,000.00 "
4652,16,"$60,000.00 "
4662,16,"$52,000.00 "
4668,16,"$209,400.00 "
4695,16,"$91,500.00 "
4698,16,"$108,000.00 "
4742,16,"$30,000.00 "
4753,16,"$33,000.00 "
4793,16,"$115,000.00 "
4795,16,"$70,000.00 "
4812,16,"$80,000.00 "
4820,16,"$25,000.00 "
4828,16,"$66,768.00 "
4829,16,"$126,000.00 "
4830,16,"$344,856.00 "
4834,16,"$80,000.00 "
4843,16,"$45,000.00 "
4871,16,"$34,000.00 "
4873,16,"$55,000.00 "
4892,16,"$72,000.00 "
4894,16,"$81,000.00 "
4896,16,"$90,000.00 "
4927,16,"$159,193.00 "
4939,16,"$41,000.00 "
4944,16,"$75,000.00 "
5029,16,"$120,000.00 "
5099,16,"$40,000.00 "
5108,16,"$33,000.00 "
5140,16,"$10,800.00 "
5166,16,"$75,000.00 "
5188,16,"$46,000.00 "
5193,16,"$56,000.00 "
5226,16,"$85,000.00 "
5244,16,"$60,000.00 "
5250,16,"$55,000.00 "
5264,16,"$65,000.00 "
5287,16,"$3,200.00 "
5289,16,"$40,264.00 "
5326,16,"$35,000.00 "
5334,16,"$75,000.00 "
5341,16,"$52,000.00 "
5342,16,"$95,000.00 "
5352,16,"$110,000.00 "
5372,16,"$12,000.00 "
5373,16,"$35,000.00 "
5374,16,"$38,400.00 "
5381,16,"$46,000.00 "
5388,16,"$18,000.00 "
5393,16,"$59,850.00 "
5398,16,"$135,000.00 "
5406,16,"$32,000.00 "
5410,16,"$57,000.00 "
5416,16,"$15,000.00 "
5418,16,"$60,000.00 "
5420,16,"$125,000.00 "
5430,16,"$37,000.00 "
5439,16,"$110,000.00 "
5474,16,"$62,000.00 "
5485,16,"$47,000.00 "
5504,16,"$95,000.00 "
5513,16,"$25,000.00 "
5565,16,"$36,000.00 "
5590,16,"$42,000.00 "
5591,16,"$65,000.00 "
5599,16,"$82,000.00 "
5618,16,"$43,000.00 "
5666,16,"$80,000.00 "
5675,16,"$67,500.00 "
11791,16,"$123,000.00 "
11796,16,"$24,000.00 "
11809,16,"$39,000.00 "
11820,16,"$50,000.00 "
11835,16,"$14,000.00 "
11848,16,"$24,500.00 "
11854,16,"$87,000.00 "
11867,16,"$28,000.00 "
11868,16,"$102,831.00 "
11870,16,"$11,000.00 "
11881,16,"$15,000.00 "
11894,16,"$30,330.00 "
11898,16,"$58,500.00 "
11905,16,"$60,000.00 "
11920,16,"$338,101.00 "
11936,16,"$125,000.00 "
11955,16,"$42,000.00 "
12006,16,"$17,000.00 "
12014,16,"$85,000.00 "
12016,16,"$150,000.00 "
12034,16,"$161,182.00 "
12068,16,"$49,000.00 "
12088,16,"$37,000.00 "
12092,16,"$30,000.00 "
12102,16,"$100,000.00 "
12110,16,"$91,000.00 "
12116,16,"$90,000.00 "
12129,16,"$39,500.00 "
86,<12,"$14,000.00 "
156,<12,"$14,000.00 "
188,<12,"$15,000.00 "
228,<12,"$1,600.00 "
239,<12,"$9,000.00 "
253,<12,"$20,000.00 "
285,<12,"$35,000.00 "
290,<12,"$19,000.00 "
299,<12,"$25,000.00 "
313,<12,"$37,000.00 "
324,<12,"$23,000.00 "
356,<12,"$50,000.00 "
547,<12,"$69,000.00 "
585,<12,"$25,000.00 "
597,<12,$500.00 
631,<12,"$18,000.00 "
675,<12,"$8,400.00 "
701,<12,"$9,800.00 "
714,<12,"$20,000.00 "
722,<12,"$57,500.00 "
862,<12,"$25,000.00 "
1034,<12,"$23,000.00 "
1068,<12,"$12,000.00 "
1089,<12,"$35,000.00 "
1090,<12,"$1,300.00 "
1091,<12,"$24,000.00 "
1134,<12,"$53,000.00 "
1148,<12,"$31,000.00 "
1153,<12,"$2,300.00 "
1260,<12,"$35,000.00 "
1318,<12,"$37,000.00 "
1413,<12,"$19,000.00 "
1434,<12,"$31,980.00 "
1436,<12,"$10,000.00 "
1455,<12,"$25,000.00 "
1471,<12,"$50,000.00 "
1547,<12,"$85,000.00 "
1548,<12,"$4,000.00 "
1725,<12,"$25,000.00 "
1779,<12,"$74,000.00 "
1797,<12,"$3,040.00 "
1820,<12,"$8,000.00 "
1824,<12,"$19,000.00 "
2031,<12,"$36,000.00 "
2051,<12,"$20,000.00 "
2134,<12,"$10,000.00 "
2194,<12,"$30,000.00 "
2224,<12,"$5,000.00 "
2254,<12,"$30,000.00 "
2255,<12,"$45,000.00 "
2318,<12,"$43,000.00 "
2348,<12,"$14,560.00 "
2398,<12,"$32,000.00 "
2403,<12,"$18,000.00 "
2419,<12,"$55,000.00 "
2462,<12,"$18,420.00 "
2466,<12,"$22,000.00 "
2485,<12,"$18,000.00 "
2587,<12,"$25,500.00 "
2653,<12,"$20,000.00 "
2655,<12,"$5,300.00 "
2661,<12,"$18,674.00 "
2666,<12,"$13,700.00 "
2675,<12,"$17,000.00 "
2676,<12,"$27,000.00 "
2683,<12,"$30,000.00 "
2698,<12,"$6,000.00 "
2705,<12,"$14,000.00 "
2716,<12,"$35,000.00 "
2728,<12,"$50,000.00 "
2747,<12,"$9,984.00 "
2867,<12,"$10,000.00 "
2953,<12,"$85,000.00 "
2971,<12,"$2,100.00 "
3030,<12,"$28,500.00 "
3050,<12,"$60,000.00 "
3230,<12,"$80,000.00 "
3311,<12,"$25,000.00 "
3319,<12,"$6,000.00 "
3321,<12,"$21,000.00 "
3343,<12,"$19,968.00 "
3436,<12,"$8,000.00 "
3438,<12,"$14,000.00 "
3440,<12,"$61,000.00 "
3540,<12,"$37,000.00 "
3554,<12,"$38,000.00 "
3570,<12,"$56,000.00 "
3572,<12,"$14,000.00 "
3607,<12,"$16,000.00 "
3657,<12,"$38,000.00 "
3693,<12,"$30,000.00 "
3742,<12,"$98,000.00 "
4047,<12,"$2,400.00 "
4068,<12,"$22,000.00 "
4098,<12,"$38,800.00 "
4156,<12,"$68,000.00 "
4181,<12,"$15,000.00 "
4235,<12,"$2,000.00 "
4335,<12,"$67,000.00 "
4417,<12,"$19,000.00 "
4474,<12,"$30,700.00 "
4476,<12,"$25,000.00 "
4503,<12,"$18,000.00 "
4681,<12,"$3,000.00 "
4731,<12,"$20,017.00 "
4733,<12,"$12,000.00 "
4901,<12,"$32,000.00 "
4923,<12,"$22,000.00 "
4937,<12,"$22,000.00 "
4946,<12,"$43,000.00 "
4960,<12,"$60,000.00 "
5128,<12,"$29,000.00 "
5132,<12,"$26,000.00 "
5269,<12,"$30,000.00 "
5363,<12,"$52,000.00 "
5446,<12,"$9,600.00 "
5447,<12,"$27,300.00 "
5461,<12,"$71,776.00 "
5469,<12,"$7,200.00 "
5488,<12,$350.00 
5519,<12,"$18,000.00 "
5603,<12,"$36,000.00 "
5604,<12,"$40,000.00 "
5713,<12,"$44,328.00 "
11751,<12,"$10,000.00 "
11755,<12,"$60,000.00 "
11762,<12,"$100,000.00 "
11776,<12,"$25,000.00 "
11787,<12,"$8,000.00 "
11814,<12,"$9,000.00 "
11818,<12,"$13,000.00 "
11850,<12,"$32,000.00 "
11890,<12,"$50,400.00 "
12065,<12,"$56,000.00 "
12122,<12,"$30,000.00 "
12135,<12,"$22,000.00 "
20,>16,"$64,000.00 "
46,>16,"$42,000.00 "
58,>16,"$55,500.00 "
69,>16,"$120,000.00 "
73,>16,"$186,135.00 "
121,>16,"$41,000.00 "
140,>16,"$65,000.00 "
141,>16,"$44,768.00 "
158,>16,"$35,100.00 "
162,>16,"$76,000.00 "
186,>16,"$65,000.00 "
190,>16,"$92,000.00 "
191,>16,"$118,000.00 "
195,>16,"$348,204.00 "
198,>16,"$130,000.00 "
219,>16,"$102,000.00 "
220,>16,"$105,000.00 "
247,>16,"$79,000.00 "
281,>16,"$99,000.00 "
342,>16,"$96,000.00 "
350,>16,"$100,000.00 "
360,>16,"$34,000.00 "
376,>16,"$47,000.00 "
399,>16,"$62,500.00 "
422,>16,"$55,000.00 "
456,>16,"$50,000.00 "
458,>16,"$65,000.00 "
459,>16,"$10,000.00 "
480,>16,"$60,000.00 "
481,>16,"$388,725.00 "
482,>16,"$122,000.00 "
501,>16,"$25,000.00 "
521,>16,"$80,000.00 "
554,>16,"$1,100.00 "
556,>16,"$147,000.00 "
557,>16,"$1,200.00 "
558,>16,"$36,000.00 "
561,>16,"$42,000.00 "
562,>16,"$55,000.00 "
649,>16,"$110,000.00 "
653,>16,"$96,000.00 "
664,>16,"$43,000.00 "
683,>16,"$52,000.00 "
686,>16,"$57,000.00 "
725,>16,"$74,000.00 "
752,>16,"$120,000.00 "
776,>16,"$115,000.00 "
778,>16,"$30,000.00 "
804,>16,"$16,000.00 "
813,>16,"$33,000.00 "
821,>16,"$34,000.00 "
825,>16,"$73,000.00 "
827,>16,"$169,541.00 "
829,>16,"$66,000.00 "
874,>16,"$90,000.00 "
879,>16,"$52,900.00 "
884,>16,"$52,000.00 "
890,>16,"$183,306.00 "
902,>16,"$64,320.00 "
906,>16,"$90,000.00 "
907,>16,"$7,000.00 "
944,>16,"$54,000.00 "
974,>16,"$55,000.00 "
976,>16,"$51,000.00 "
1019,>16,"$29,000.00 "
1020,>16,"$84,000.00 "
1046,>16,$63.00 
1049,>16,"$51,000.00 "
1051,>16,"$67,000.00 "
1052,>16,"$183,467.00 "
1072,>16,"$65,000.00 "
1086,>16,"$67,500.00 "
1098,>16,"$108,000.00 "
1101,>16,"$50,000.00 "
1105,>16,"$61,000.00 "
1182,>16,"$48,000.00 "
1185,>16,"$268,384.00 "
1187,>16,"$39,000.00 "
1208,>16,"$120,000.00 "
1240,>16,"$52,000.00 "
1252,>16,"$16,000.00 "
1255,>16,"$87,000.00 "
1323,>16,"$42,000.00 "
1344,>16,"$72,000.00 "
1359,>16,"$40,000.00 "
1362,>16,"$70,000.00 "
1395,>16,"$63,000.00 "
1433,>16,"$50,000.00 "
1470,>16,"$35,000.00 "
1479,>16,"$100,000.00 "
1501,>16,"$60,000.00 "
1503,>16,"$58,000.00 "
1509,>16,"$25,000.00 "
1538,>16,"$45,000.00 "
1603,>16,"$20,000.00 "
1619,>16,"$65,000.00 "
1621,>16,"$35,942.00 "
1632,>16,"$100,035.00 "
1633,>16,"$100,000.00 "
1719,>16,"$60,000.00 "
1730,>16,"$52,000.00 "
1735,>16,"$3,000.00 "
1746,>16,"$116,000.00 "
1787,>16,"$52,000.00 "
1795,>16,"$108,888.00 "
1803,>16,"$36,000.00 "
1804,>16,"$12,000.00 "
1841,>16,"$85,000.00 "
1844,>16,"$188,404.00 "
1846,>16,"$192,896.00 "
1858,>16,"$68,000.00 "
1875,>16,"$130,000.00 "
1880,>16,"$30,000.00 "
1896,>16,"$28,000.00 "
1906,>16,"$25,000.00 "
1914,>16,"$48,000.00 "
1916,>16,"$74,481.00 "
1951,>16,"$42,000.00 "
1952,>16,"$85,000.00 "
1953,>16,"$24,000.00 "
1999,>16,"$46,000.00 "
2010,>16,"$12,000.00 "
2027,>16,"$9,000.00 "
2029,>16,"$135,000.00 "
2030,>16,"$5,500.00 "
2037,>16,"$2,700.00 "
2038,>16,"$162,919.00 "
2042,>16,"$6,000.00 "
2062,>16,"$110,000.00 "
2113,>16,"$100,000.00 "
2123,>16,"$33,600.00 "
2126,>16,"$42,000.00 "
2136,>16,"$34,500.00 "
2164,>16,"$69,000.00 "
2200,>16,"$65,000.00 "
2237,>16,"$64,000.00 "
2285,>16,"$55,000.00 "
2302,>16,"$112,000.00 "
2339,>16,"$235,236.00 "
2360,>16,"$18,500.00 "
2438,>16,"$90,000.00 "
2442,>16,"$79,000.00 "
2461,>16,"$61,000.00 "
2526,>16,"$80,000.00 "
2549,>16,"$38,000.00 "
2558,>16,"$61,000.00 "
2569,>16,"$24,000.00 "
2588,>16,"$70,000.00 "
2589,>16,"$125,000.00 "
2603,>16,"$41,000.00 "
2622,>16,"$33,000.00 "
2626,>16,"$38,000.00 "
2628,>16,"$8,000.00 "
2630,>16,"$70,000.00 "
2636,>16,"$40,500.00 "
2642,>16,"$68,000.00 "
2646,>16,"$90,000.00 "
2649,>16,"$37,000.00 "
2684,>16,"$40,000.00 "
2685,>16,"$58,000.00 "
2695,>16,"$80,000.00 "
2724,>16,"$167,252.00 "
2800,>16,"$35,000.00 "
2809,>16,"$15,000.00 "
2823,>16,"$50,000.00 "
2840,>16,"$88,000.00 "
2845,>16,"$70,000.00 "
2847,>16,"$48,000.00 "
2851,>16,"$357,310.00 "
2861,>16,"$124,000.00 "
2870,>16,"$126,000.00 "
2871,>16,"$80,000.00 "
2896,>16,"$162,733.00 "
2900,>16,$500.00 
2902,>16,"$33,000.00 "
2906,>16,"$85,000.00 "
2910,>16,"$35,000.00 "
2929,>16,"$46,000.00 "
2936,>16,"$40,000.00 "
2941,>16,"$180,621.00 "
2957,>16,"$35,000.00 "
2959,>16,"$110,000.00 "
2961,>16,"$68,000.00 "
2980,>16,$170.00 
3019,>16,"$85,000.00 "
3033,>16,"$150,000.00 "
3109,>16,"$58,000.00 "
3111,>16,"$43,000.00 "
3112,>16,"$105,000.00 "
3137,>16,"$120,000.00 "
3142,>16,"$106,000.00 "
3146,>16,"$62,000.00 "
3168,>16,"$115,000.00 "
3170,>16,"$268,323.00 "
3171,>16,"$152,840.00 "
3173,>16,"$125,000.00 "
3198,>16,"$53,600.00 "
3224,>16,"$130,000.00 "
3238,>16,"$28,000.00 "
3239,>16,"$30,000.00 "
3240,>16,"$46,000.00 "
3244,>16,"$24,000.00 "
3256,>16,"$80,000.00 "
3257,>16,"$75,000.00 "
3278,>16,$147.00 
3290,>16,"$150,000.00 "
3309,>16,"$54,000.00 "
3337,>16,"$89,000.00 "
3341,>16,"$39,000.00 "
3357,>16,"$150,490.00 "
3361,>16,"$703,637.00 "
3376,>16,"$73,000.00 "
3379,>16,"$99,000.00 "
3390,>16,"$80,000.00 "
3391,>16,"$30,824.00 "
3393,>16,"$25,000.00 "
3394,>16,"$85,000.00 "
3406,>16,"$38,500.00 "
3422,>16,"$2,000.00 "
3431,>16,"$171,428.00 "
3515,>16,"$97,000.00 "
3535,>16,"$82,376.00 "
3558,>16,"$96,000.00 "
3582,>16,"$150,000.00 "
3583,>16,"$100,000.00 "
3588,>16,"$60,000.00 "
3614,>16,"$10,180.00 "
3619,>16,"$32,500.00 "
3628,>16,"$189,210.00 "
3641,>16,"$51,000.00 "
3643,>16,"$38,000.00 "
3664,>16,"$68,000.00 "
3690,>16,"$138,000.00 "
3757,>16,"$95,000.00 "
3771,>16,"$32,253.00 "
3792,>16,"$88,000.00 "
3800,>16,"$8,000.00 "
3803,>16,"$69,000.00 "
3804,>16,"$40,000.00 "
3836,>16,"$110,000.00 "
3854,>16,"$169,884.00 "
3855,>16,"$16,500.00 "
3860,>16,"$55,000.00 "
3863,>16,"$157,957.00 "
3865,>16,"$176,431.00 "
3866,>16,"$35,000.00 "
3868,>16,"$43,450.00 "
3873,>16,"$50,000.00 "
3886,>16,"$101,000.00 "
3890,>16,"$150,000.00 "
3894,>16,"$62,000.00 "
3895,>16,"$20,000.00 "
3897,>16,"$90,000.00 "
3903,>16,"$5,200.00 "
3904,>16,"$51,000.00 "
3911,>16,"$29,000.00 "
3916,>16,"$97,000.00 "
3964,>16,"$39,500.00 "
3966,>16,"$155,485.00 "
3972,>16,"$28,500.00 "
4010,>16,"$50,000.00 "
4019,>16,"$99,000.00 "
4053,>16,"$50,000.00 "
4055,>16,"$206,869.00 "
4092,>16,"$42,000.00 "
4093,>16,"$65,000.00 "
4107,>16,"$52,000.00 "
4124,>16,"$61,000.00 "
4191,>16,"$85,300.00 "
4226,>16,"$85,605.00 "
4227,>16,"$47,000.00 "
4289,>16,"$162,660.00 "
4290,>16,"$75,419.00 "
4298,>16,"$91,000.00 "
4302,>16,"$53,000.00 "
4306,>16,"$32,000.00 "
4372,>16,"$102,500.00 "
4408,>16,"$92,000.00 "
4424,>16,"$93,000.00 "
4425,>16,"$22,000.00 "
4428,>16,"$42,000.00 "
4429,>16,"$49,938.00 "
4470,>16,"$75,000.00 "
4471,>16,"$140,000.00 "
4570,>16,"$72,000.00 "
4576,>16,"$16,000.00 "
4590,>16,"$58,000.00 "
4592,>16,"$48,000.00 "
4607,>16,"$55,000.00 "
4609,>16,"$194,757.00 "
4626,>16,"$130,000.00 "
4634,>16,"$355,767.00 "
4635,>16,"$70,000.00 "
4683,>16,"$10,000.00 "
4686,>16,"$84,000.00 "
4692,>16,"$29,000.00 "
4754,>16,"$67,000.00 "
4756,>16,"$163,271.00 "
4758,>16,"$60,000.00 "
4760,>16,"$34,000.00 "
4767,>16,"$40,000.00 "
4798,>16,"$90,000.00 "
4799,>16,"$40,500.00 "
4826,>16,"$57,000.00 "
4831,>16,"$54,500.00 "
4842,>16,"$37,000.00 "
4870,>16,"$6,000.00 "
4872,>16,"$56,000.00 "
4907,>16,"$188,255.00 "
4919,>16,"$52,000.00 "
4921,>16,"$92,500.00 "
4954,>16,"$78,000.00 "
4975,>16,"$60,000.00 "
4998,>16,"$69,600.00 "
5001,>16,"$30,000.00 "
5003,>16,"$228,453.00 "
5012,>16,"$215,765.00 "
5020,>16,"$39,000.00 "
5021,>16,"$44,000.00 "
5023,>16,"$39,000.00 "
5028,>16,"$153,447.00 "
5054,>16,"$34,000.00 "
5091,>16,"$56,400.00 "
5095,>16,"$20,000.00 "
5096,>16,"$30,000.00 "
5107,>16,"$152,683.00 "
5143,>16,"$62,000.00 "
5168,>16,"$23,000.00 "
5170,>16,"$55,000.00 "
5185,>16,"$57,000.00 "
5197,>16,"$123,000.00 "
5212,>16,"$20,000.00 "
5222,>16,"$80,000.00 "
5245,>16,"$200,977.00 "
5299,>16,"$45,000.00 "
5310,>16,"$59,800.00 "
5325,>16,$600.00 
5351,>16,"$53,000.00 "
5389,>16,"$53,000.00 "
5391,>16,"$40,000.00 "
5394,>16,"$42,000.00 "
5395,>16,"$35,000.00 "
5419,>16,"$81,000.00 "
5489,>16,"$91,000.00 "
5543,>16,"$133,000.00 "
5592,>16,"$33,000.00 "
5594,>16,"$79,000.00 "
5621,>16,"$44,000.00 "
5623,>16,"$96,000.00 "
5624,>16,"$36,000.00 "
5655,>16,"$90,000.00 "
5667,>16,"$198,032.00 "
5676,>16,"$15,000.00 "
5690,>16,"$70,000.00 "
5701,>16,"$114,000.00 "
5710,>16,"$53,000.00 "
11758,>16,"$70,000.00 "
11779,>16,"$1,500.00 "
11889,>16,"$40,000.00 "
11902,>16,"$48,000.00 "
11916,>16,"$38,000.00 "
11918,>16,"$85,000.00 "
11929,>16,"$82,000.00 "
11937,>16,"$43,000.00 "
11972,>16,"$110,500.00 "
11990,>16,"$70,000.00 "
12010,>16,"$53,000.00 "
12023,>16,"$65,000.00 "
12044,>16,"$45,000.00 "
12045,>16,"$49,000.00 "
12064,>16,"$158,730.00 "
12089,>16,"$40,000.00 "
12106,>16,"$120,000.00 "
12119,>16,"$45,000.00 "
8,13-15,"$36,000.00 "
9,13-15,"$65,000.00 "
16,13-15,"$71,000.00 "
17,13-15,"$43,000.00 "
18,13-15,"$120,000.00 "
34,13-15,"$150,432.00 "
41,13-15,"$120,000.00 "
49,13-15,"$34,000.00 "
61,13-15,"$63,000.00 "
62,13-15,"$30,000.00 "
97,13-15,"$49,000.00 "
117,13-15,"$83,000.00 "
126,13-15,"$85,000.00 "
139,13-15,"$120,000.00 "
143,13-15,"$52,000.00 "
147,13-15,"$12,000.00 "
160,13-15,"$65,000.00 "
166,13-15,"$82,000.00 "
174,13-15,"$48,000.00 "
202,13-15,"$55,000.00 "
230,13-15,"$55,000.00 "
232,13-15,"$45,000.00 "
235,13-15,"$98,000.00 "
236,13-15,"$30,000.00 "
245,13-15,"$25,000.00 "
248,13-15,"$2,000.00 "
256,13-15,"$3,000.00 "
260,13-15,"$65,000.00 "
273,13-15,"$61,500.00 "
274,13-15,"$45,000.00 "
275,13-15,"$52,000.00 "
306,13-15,"$40,000.00 "
335,13-15,"$10,000.00 "
341,13-15,"$125,000.00 "
355,13-15,"$120,000.00 "
388,13-15,"$70,000.00 "
393,13-15,"$68,000.00 "
405,13-15,"$26,000.00 "
414,13-15,"$21,000.00 "
418,13-15,"$28,000.00 "
438,13-15,"$36,000.00 "
442,13-15,"$15,000.00 "
443,13-15,"$47,000.00 "
453,13-15,"$40,300.00 "
460,13-15,"$21,400.00 "
464,13-15,"$78,000.00 "
489,13-15,"$85,000.00 "
495,13-15,"$29,821.00 "
499,13-15,"$36,000.00 "
500,13-15,"$53,000.00 "
527,13-15,"$50,000.00 "
533,13-15,"$5,000.00 "
560,13-15,"$78,500.00 "
564,13-15,"$5,000.00 "
565,13-15,"$55,000.00 "
583,13-15,"$36,000.00 "
604,13-15,"$40,000.00 "
606,13-15,"$35,000.00 "
622,13-15,"$36,500.00 "
659,13-15,"$75,000.00 "
667,13-15,"$58,000.00 "
688,13-15,"$23,000.00 "
692,13-15,"$45,000.00 "
704,13-15,"$56,000.00 "
707,13-15,"$48,000.00 "
712,13-15,"$41,000.00 "
721,13-15,"$22,000.00 "
724,13-15,"$20,000.00 "
730,13-15,"$100,000.00 "
733,13-15,"$28,820.00 "
746,13-15,"$35,500.00 "
748,13-15,"$34,000.00 "
757,13-15,"$35,000.00 "
761,13-15,"$25,000.00 "
764,13-15,"$21,000.00 "
774,13-15,"$35,000.00 "
779,13-15,"$26,000.00 "
784,13-15,"$30,000.00 "
800,13-15,"$54,000.00 "
801,13-15,"$19,327.00 "
811,13-15,"$16,000.00 "
818,13-15,"$85,000.00 "
835,13-15,"$25,000.00 "
839,13-15,"$30,000.00 "
850,13-15,"$85,000.00 "
856,13-15,"$25,000.00 "
883,13-15,"$30,000.00 "
889,13-15,"$24,000.00 "
899,13-15,"$31,000.00 "
909,13-15,"$31,330.00 "
915,13-15,"$57,000.00 "
921,13-15,"$65,000.00 "
936,13-15,"$15,000.00 "
937,13-15,"$75,000.00 "
941,13-15,"$80,000.00 "
947,13-15,"$64,000.00 "
956,13-15,"$15,000.00 "
959,13-15,"$170,247.00 "
960,13-15,"$150,000.00 "
962,13-15,"$45,500.00 "
1004,13-15,"$56,000.00 "
1013,13-15,"$25,000.00 "
1038,13-15,"$24,000.00 "
1039,13-15,"$44,000.00 "
1058,13-15,"$47,000.00 "
1076,13-15,"$40,000.00 "
1081,13-15,"$38,262.00 "
1097,13-15,"$59,000.00 "
1102,13-15,$429.00 
1104,13-15,"$90,000.00 "
1116,13-15,"$30,000.00 "
1155,13-15,"$52,000.00 "
1158,13-15,"$31,000.00 "
1159,13-15,"$30,000.00 "
1160,13-15,"$20,000.00 "
1163,13-15,"$25,000.00 "
1166,13-15,"$20,609.00 "
1181,13-15,"$150,000.00 "
1188,13-15,"$130,000.00 "
1223,13-15,"$15,000.00 "
1224,13-15,"$12,000.00 "
1233,13-15,"$42,000.00 "
1238,13-15,"$62,000.00 "
1256,13-15,"$50,000.00 "
1258,13-15,"$3,000.00 "
1261,13-15,"$50,000.00 "
1273,13-15,"$24,000.00 "
1279,13-15,"$24,000.00 "
1287,13-15,"$50,000.00 "
1288,13-15,"$21,000.00 "
1290,13-15,"$36,000.00 "
1291,13-15,"$16,000.00 "
1294,13-15,"$209,138.00 "
1301,13-15,"$25,000.00 "
1315,13-15,"$257,286.00 "
1320,13-15,"$78,000.00 "
1321,13-15,"$56,000.00 "
1338,13-15,"$42,000.00 "
1385,13-15,"$34,000.00 "
1393,13-15,"$79,000.00 "
1399,13-15,"$45,000.00 "
1411,13-15,"$16,000.00 "
1440,13-15,"$22,000.00 "
1459,13-15,"$40,000.00 "
1484,13-15,"$40,000.00 "
1487,13-15,"$45,000.00 "
1491,13-15,"$39,000.00 "
1492,13-15,"$45,000.00 "
1508,13-15,"$35,000.00 "
1512,13-15,"$15,000.00 "
1514,13-15,"$51,000.00 "
1529,13-15,"$23,000.00 "
1530,13-15,"$28,000.00 "
1555,13-15,"$28,352.00 "
1558,13-15,"$12,000.00 "
1566,13-15,"$39,100.00 "
1568,13-15,"$6,000.00 "
1571,13-15,"$45,000.00 "
1575,13-15,"$171,551.00 "
1586,13-15,"$54,000.00 "
1598,13-15,"$35,000.00 "
1642,13-15,"$75,000.00 "
1644,13-15,"$9,400.00 "
1659,13-15,"$26,000.00 "
1720,13-15,"$45,000.00 "
1739,13-15,"$10,000.00 "
1744,13-15,"$60,000.00 "
1751,13-15,"$35,000.00 "
1758,13-15,"$13,000.00 "
1775,13-15,"$34,000.00 "
1778,13-15,"$8,000.00 "
1780,13-15,"$40,000.00 "
1781,13-15,"$100,000.00 "
1784,13-15,"$45,000.00 "
1785,13-15,"$29,000.00 "
1792,13-15,"$15,000.00 "
1798,13-15,"$27,100.00 "
1810,13-15,"$155,867.00 "
1819,13-15,"$29,000.00 "
1831,13-15,"$64,000.00 "
1836,13-15,"$50,000.00 "
1837,13-15,"$32,000.00 "
1847,13-15,"$68,000.00 "
1848,13-15,"$46,000.00 "
1868,13-15,"$26,500.00 "
1889,13-15,"$35,675.00 "
1895,13-15,"$83,000.00 "
1912,13-15,"$25,000.00 "
1913,13-15,"$14,103.00 "
1920,13-15,"$2,000.00 "
1929,13-15,"$81,000.00 "
1944,13-15,"$86,000.00 "
1955,13-15,"$60,000.00 "
1958,13-15,"$45,000.00 "
1978,13-15,"$48,000.00 "
1986,13-15,"$23,000.00 "
1992,13-15,"$68,000.00 "
1994,13-15,"$28,000.00 "
1995,13-15,"$3,000.00 "
2007,13-15,"$143,000.00 "
2011,13-15,"$25,000.00 "
2024,13-15,"$65,000.00 "
2040,13-15,"$14,969.00 "
2041,13-15,"$20,000.00 "
2047,13-15,"$55,000.00 "
2057,13-15,"$9,000.00 "
2071,13-15,"$1,000.00 "
2088,13-15,"$30,000.00 "
2099,13-15,"$62,000.00 "
2107,13-15,"$5,100.00 "
2119,13-15,"$9,000.00 "
2120,13-15,"$4,000.00 "
2132,13-15,"$104,000.00 "
2133,13-15,"$39,400.00 "
2145,13-15,"$50,000.00 "
2147,13-15,"$34,000.00 "
2148,13-15,"$16,557.00 "
2163,13-15,"$60,000.00 "
2169,13-15,"$57,000.00 "
2172,13-15,"$63,000.00 "
2187,13-15,"$90,000.00 "
2188,13-15,"$36,000.00 "
2190,13-15,"$18,000.00 "
2204,13-15,"$26,074.00 "
2205,13-15,"$52,000.00 "
2207,13-15,"$30,000.00 "
2209,13-15,"$36,000.00 "
2214,13-15,"$11,000.00 "
2265,13-15,"$15,000.00 "
2278,13-15,"$49,000.00 "
2284,13-15,"$50,000.00 "
2332,13-15,"$26,524.00 "
2333,13-15,"$85,000.00 "
2337,13-15,"$35,650.00 "
2341,13-15,"$68,000.00 "
2344,13-15,"$44,000.00 "
2375,13-15,"$80,000.00 "
2376,13-15,"$60,000.00 "
2382,13-15,"$40,000.00 "
2385,13-15,"$62,000.00 "
2386,13-15,"$68,000.00 "
2410,13-15,"$13,000.00 "
2415,13-15,"$55,000.00 "
2417,13-15,"$42,500.00 "
2426,13-15,"$8,200.00 "
2437,13-15,"$125,000.00 "
2443,13-15,"$36,000.00 "
2447,13-15,"$37,770.00 "
2464,13-15,"$185,950.00 "
2474,13-15,"$10,574.00 "
2477,13-15,"$33,000.00 "
2489,13-15,"$30,000.00 "
2523,13-15,"$48,000.00 "
2542,13-15,"$12,800.00 "
2559,13-15,"$49,000.00 "
2566,13-15,"$32,000.00 "
2568,13-15,"$25,000.00 "
2585,13-15,"$56,000.00 "
2602,13-15,"$37,000.00 "
2613,13-15,"$40,000.00 "
2616,13-15,"$95,000.00 "
2620,13-15,"$59,500.00 "
2647,13-15,"$220,904.00 "
2677,13-15,"$22,000.00 "
2688,13-15,"$32,000.00 "
2694,13-15,"$25,000.00 "
2696,13-15,"$46,000.00 "
2725,13-15,"$26,000.00 "
2727,13-15,"$30,500.00 "
2736,13-15,"$27,000.00 "
2744,13-15,"$4,000.00 "
2746,13-15,"$30,000.00 "
2765,13-15,"$72,000.00 "
2767,13-15,"$33,000.00 "
2773,13-15,"$34,000.00 "
2774,13-15,"$60,000.00 "
2803,13-15,"$58,000.00 "
2815,13-15,"$35,000.00 "
2839,13-15,"$71,000.00 "
2841,13-15,"$50,000.00 "
2842,13-15,"$94,000.00 "
2856,13-15,"$16,000.00 "
2866,13-15,"$120,000.00 "
2877,13-15,"$45,000.00 "
2913,13-15,"$42,000.00 "
2939,13-15,"$65,000.00 "
2942,13-15,"$10,372.00 "
2952,13-15,"$35,000.00 "
2975,13-15,"$42,000.00 "
2981,13-15,"$18,300.00 "
2996,13-15,"$60,000.00 "
3024,13-15,"$85,000.00 "
3025,13-15,"$1,500.00 "
3041,13-15,"$12,000.00 "
3047,13-15,"$7,200.00 "
3058,13-15,"$77,000.00 "
3089,13-15,"$13,000.00 "
3091,13-15,"$41,000.00 "
3107,13-15,"$22,000.00 "
3117,13-15,"$87,000.00 "
3120,13-15,"$1,200.00 "
3140,13-15,"$73,000.00 "
3161,13-15,"$30,000.00 "
3201,13-15,"$32,000.00 "
3218,13-15,"$6,000.00 "
3219,13-15,"$72,000.00 "
3225,13-15,"$6,700.00 "
3231,13-15,"$41,600.00 "
3232,13-15,"$27,000.00 "
3234,13-15,"$30,000.00 "
3237,13-15,"$42,000.00 "
3249,13-15,"$25,000.00 "
3250,13-15,"$12,000.00 "
3269,13-15,"$17,000.00 "
3281,13-15,"$37,000.00 "
3282,13-15,"$52,000.00 "
3284,13-15,"$113,000.00 "
3287,13-15,"$1,800.00 "
3307,13-15,"$20,000.00 "
3308,13-15,"$20,000.00 "
3312,13-15,"$24,000.00 "
3330,13-15,"$145,000.00 "
3331,13-15,"$32,000.00 "
3350,13-15,"$10,000.00 "
3354,13-15,"$10,000.00 "
3355,13-15,"$50,000.00 "
3356,13-15,"$2,000.00 "
3359,13-15,"$45,000.00 "
3375,13-15,"$50,000.00 "
3380,13-15,$900.00 
3392,13-15,"$45,000.00 "
3401,13-15,"$32,000.00 "
3405,13-15,"$43,500.00 "
3420,13-15,"$72,000.00 "
3421,13-15,"$105,000.00 "
3424,13-15,"$33,000.00 "
3425,13-15,"$77,000.00 "
3432,13-15,"$24,626.00 "
3457,13-15,"$26,000.00 "
3458,13-15,"$28,000.00 "
3468,13-15,"$72,000.00 "
3477,13-15,"$18,520.00 "
3481,13-15,"$47,000.00 "
3482,13-15,"$65,000.00 "
3494,13-15,"$87,000.00 "
3496,13-15,"$24,600.00 "
3497,13-15,"$77,000.00 "
3505,13-15,"$67,000.00 "
3521,13-15,"$44,000.00 "
3524,13-15,"$52,000.00 "
3531,13-15,"$11,000.00 "
3533,13-15,"$135,000.00 "
3545,13-15,"$31,000.00 "
3546,13-15,"$65,000.00 "
3547,13-15,"$35,000.00 "
3548,13-15,"$40,000.00 "
3552,13-15,"$38,000.00 "
3567,13-15,"$2,760.00 "
3587,13-15,"$43,000.00 "
3597,13-15,"$7,000.00 "
3606,13-15,"$35,000.00 "
3609,13-15,"$39,000.00 "
3610,13-15,"$7,900.00 "
3661,13-15,"$4,500.00 "
3666,13-15,"$36,000.00 "
3667,13-15,"$6,360.00 "
3679,13-15,"$85,000.00 "
3705,13-15,"$45,000.00 "
3706,13-15,"$42,000.00 "
3714,13-15,"$25,000.00 "
3718,13-15,"$28,013.00 "
3725,13-15,"$23,000.00 "
3730,13-15,"$25,275.00 "
3734,13-15,"$30,000.00 "
3758,13-15,"$11,000.00 "
3766,13-15,"$78,000.00 "
3787,13-15,"$12,000.00 "
3791,13-15,"$47,000.00 "
3793,13-15,"$55,000.00 "
3794,13-15,"$30,000.00 "
3807,13-15,"$51,000.00 "
3813,13-15,"$44,000.00 "
3844,13-15,"$65,000.00 "
3867,13-15,"$1,200.00 "
3883,13-15,"$45,000.00 "
3888,13-15,"$58,000.00 "
3901,13-15,"$45,000.00 "
3907,13-15,"$54,000.00 "
3908,13-15,"$30,000.00 "
3912,13-15,"$80,000.00 "
3949,13-15,"$39,000.00 "
3960,13-15,"$38,000.00 "
3965,13-15,"$108,000.00 "
3978,13-15,"$3,000.00 "
3985,13-15,"$50,000.00 "
3989,13-15,"$52,000.00 "
3992,13-15,"$39,900.00 "
3995,13-15,"$36,000.00 "
3996,13-15,"$40,000.00 "
4001,13-15,"$7,800.00 "
4008,13-15,"$79,000.00 "
4009,13-15,"$25,000.00 "
4015,13-15,"$22,000.00 "
4021,13-15,"$27,300.00 "
4035,13-15,"$25,000.00 "
4041,13-15,"$32,000.00 "
4042,13-15,"$68,000.00 "
4051,13-15,"$1,748.00 "
4054,13-15,"$45,000.00 "
4060,13-15,"$6,000.00 "
4088,13-15,"$222,924.00 "
4129,13-15,"$45,000.00 "
4131,13-15,"$50,000.00 "
4148,13-15,"$49,000.00 "
4153,13-15,"$75,000.00 "
4200,13-15,"$32,000.00 "
4201,13-15,"$62,000.00 "
4219,13-15,"$42,000.00 "
4228,13-15,"$75,000.00 "
4230,13-15,"$89,000.00 "
4231,13-15,"$10,000.00 "
4236,13-15,"$58,000.00 "
4245,13-15,"$75,210.00 "
4247,13-15,"$90,000.00 "
4252,13-15,"$41,000.00 "
4254,13-15,"$8,900.00 "
4265,13-15,"$27,000.00 "
4292,13-15,"$38,000.00 "
4295,13-15,"$76,000.00 "
4297,13-15,"$88,000.00 "
4310,13-15,"$40,000.00 "
4316,13-15,"$8,500.00 "
4318,13-15,"$32,000.00 "
4323,13-15,"$15,500.00 "
4330,13-15,"$50,000.00 "
4337,13-15,"$23,000.00 "
4348,13-15,"$93,000.00 "
4354,13-15,"$20,000.00 "
4358,13-15,"$50,000.00 "
4366,13-15,"$70,000.00 "
4379,13-15,"$38,000.00 "
4391,13-15,"$3,500.00 "
4409,13-15,"$50,000.00 "
4430,13-15,"$48,000.00 "
4438,13-15,"$95,000.00 "
4447,13-15,"$45,291.00 "
4465,13-15,"$15,000.00 "
4468,13-15,"$79,000.00 "
4478,13-15,"$53,000.00 "
4488,13-15,"$108,000.00 "
4499,13-15,"$54,300.00 "
4506,13-15,"$30,000.00 "
4509,13-15,"$72,899.00 "
4511,13-15,"$125,000.00 "
4513,13-15,"$48,000.00 "
4514,13-15,"$125,000.00 "
4518,13-15,"$70,000.00 "
4528,13-15,"$62,987.00 "
4534,13-15,"$35,000.00 "
4536,13-15,"$11,000.00 "
4542,13-15,"$34,000.00 "
4560,13-15,"$21,000.00 "
4571,13-15,"$27,359.00 "
4579,13-15,"$35,000.00 "
4582,13-15,"$50,000.00 "
4595,13-15,"$95,000.00 "
4602,13-15,"$10,000.00 "
4624,13-15,"$27,581.00 "
4625,13-15,"$77,000.00 "
4633,13-15,"$90,000.00 "
4636,13-15,"$99,000.00 "
4642,13-15,"$90,000.00 "
4643,13-15,"$56,000.00 "
4651,13-15,"$25,000.00 "
4665,13-15,"$15,000.00 "
4669,13-15,"$40,000.00 "
4675,13-15,"$38,000.00 "
4687,13-15,"$68,651.00 "
4694,13-15,"$4,000.00 "
4699,13-15,"$137,000.00 "
4702,13-15,"$100,000.00 "
4704,13-15,"$5,000.00 "
4717,13-15,"$3,000.00 "
4729,13-15,"$15,000.00 "
4738,13-15,"$75,000.00 "
4768,13-15,"$30,000.00 "
4803,13-15,"$19,000.00 "
4805,13-15,"$90,000.00 "
4810,13-15,"$50,000.00 "
4813,13-15,"$74,000.00 "
4815,13-15,"$58,000.00 "
4825,13-15,"$42,000.00 "
4832,13-15,"$57,000.00 "
4839,13-15,"$14,000.00 "
4840,13-15,"$24,226.00 "
4844,13-15,"$6,000.00 "
4856,13-15,"$60,000.00 "
4859,13-15,"$36,000.00 "
4862,13-15,"$39,000.00 "
4865,13-15,"$25,000.00 "
4880,13-15,"$27,000.00 "
4881,13-15,"$80,000.00 "
4883,13-15,"$47,000.00 "
4889,13-15,"$65,000.00 "
4890,13-15,"$22,000.00 "
4899,13-15,"$20,000.00 "
4922,13-15,"$17,000.00 "
4924,13-15,"$33,500.00 "
4929,13-15,"$17,900.00 "
4930,13-15,"$18,839.00 "
4931,13-15,"$33,000.00 "
4933,13-15,"$39,000.00 "
4943,13-15,"$42,000.00 "
4953,13-15,"$22,000.00 "
4962,13-15,"$36,000.00 "
4967,13-15,"$32,500.00 "
4968,13-15,"$66,948.00 "
4972,13-15,"$3,000.00 "
4976,13-15,"$94,000.00 "
4981,13-15,"$35,100.00 "
4987,13-15,"$15,000.00 "
4997,13-15,"$62,000.00 "
5017,13-15,"$115,000.00 "
5022,13-15,"$80,000.00 "
5025,13-15,"$40,000.00 "
5026,13-15,"$42,000.00 "
5037,13-15,"$18,230.00 "
5042,13-15,"$29,000.00 "
5043,13-15,"$29,993.00 "
5053,13-15,"$60,000.00 "
5055,13-15,"$43,000.00 "
5062,13-15,"$25,000.00 "
5094,13-15,"$10,000.00 "
5101,13-15,"$11,000.00 "
5102,13-15,"$33,000.00 "
5125,13-15,"$3,000.00 "
5134,13-15,"$42,000.00 "
5149,13-15,"$6,000.00 "
5151,13-15,"$89,000.00 "
5156,13-15,"$100,000.00 "
5174,13-15,"$65,000.00 "
5178,13-15,"$25,000.00 "
5187,13-15,"$34,500.00 "
5191,13-15,"$20,000.00 "
5199,13-15,"$15,000.00 "
5221,13-15,"$35,000.00 "
5227,13-15,"$40,000.00 "
5229,13-15,"$32,530.00 "
5235,13-15,"$70,000.00 "
5246,13-15,"$31,000.00 "
5248,13-15,"$96,000.00 "
5249,13-15,"$36,000.00 "
5254,13-15,"$120,000.00 "
5255,13-15,"$37,100.00 "
5256,13-15,"$68,000.00 "
5259,13-15,"$3,500.00 "
5263,13-15,"$35,000.00 "
5266,13-15,"$98,000.00 "
5267,13-15,"$50,000.00 "
5274,13-15,"$6,000.00 "
5277,13-15,"$10,000.00 "
5300,13-15,"$63,000.00 "
5308,13-15,"$11,000.00 "
5315,13-15,"$16,000.00 "
5318,13-15,"$20,000.00 "
5329,13-15,"$51,000.00 "
5330,13-15,"$30,000.00 "
5332,13-15,"$25,000.00 "
5333,13-15,"$29,000.00 "
5340,13-15,"$10,000.00 "
5349,13-15,"$5,250.00 "
5350,13-15,"$36,500.00 "
5358,13-15,"$55,000.00 "
5360,13-15,"$14,000.00 "
5361,13-15,"$3,000.00 "
5365,13-15,"$65,000.00 "
5377,13-15,"$56,000.00 "
5390,13-15,"$52,000.00 "
5392,13-15,"$52,000.00 "
5397,13-15,"$23,699.00 "
5404,13-15,"$29,500.00 "
5408,13-15,"$40,000.00 "
5427,13-15,"$38,000.00 "
5428,13-15,"$45,000.00 "
5441,13-15,"$150,000.00 "
5442,13-15,"$6,800.00 "
5445,13-15,"$14,000.00 "
5453,13-15,"$6,000.00 "
5500,13-15,"$40,000.00 "
5511,13-15,"$28,000.00 "
5512,13-15,"$55,000.00 "
5518,13-15,"$40,000.00 "
5540,13-15,"$125,000.00 "
5568,13-15,"$38,000.00 "
5609,13-15,"$24,000.00 "
5611,13-15,"$18,000.00 "
5612,13-15,"$26,500.00 "
5649,13-15,"$22,000.00 "
5661,13-15,"$1,600.00 "
5674,13-15,"$8,000.00 "
5699,13-15,"$45,000.00 "
5702,13-15,"$24,000.00 "
5703,13-15,"$42,500.00 "
5708,13-15,"$33,000.00 "
6285,13-15,"$60,000.00 "
11763,13-15,"$146,000.00 "
11769,13-15,"$8,000.00 "
11777,13-15,"$74,500.00 "
11778,13-15,"$32,900.00 "
11797,13-15,"$1,200.00 "
11798,13-15,"$17,000.00 "
11799,13-15,"$32,000.00 "
11806,13-15,"$63,000.00 "
11815,13-15,"$1,300.00 "
11816,13-15,"$19,500.00 "
11819,13-15,"$27,700.00 "
11832,13-15,"$15,000.00 "
11833,13-15,"$25,000.00 "
11838,13-15,"$52,000.00 "
11841,13-15,"$57,000.00 "
11844,13-15,"$20,108.00 "
11845,13-15,"$40,000.00 "
11851,13-15,"$80,000.00 "
11863,13-15,"$77,919.00 "
11869,13-15,"$38,400.00 "
11872,13-15,"$24,500.00 "
11886,13-15,"$10,000.00 "
11897,13-15,"$64,000.00 "
11901,13-15,"$29,000.00 "
11911,13-15,"$46,000.00 "
11923,13-15,"$12,000.00 "
11924,13-15,"$68,458.00 "
11932,13-15,"$10,000.00 "
11945,13-15,"$40,000.00 "
11971,13-15,"$39,000.00 "
12005,13-15,"$35,000.00 "
12012,13-15,"$65,000.00 "
12036,13-15,"$28,900.00 "
12052,13-15,"$32,000.00 "
12061,13-15,"$42,000.00 "
12062,13-15,"$20,000.00 "
12066,13-15,"$3,000.00 "
12070,13-15,"$34,000.00 "
12087,13-15,"$3,000.00 "
12098,13-15,"$53,000.00 "
12104,13-15,"$36,323.00 "
12138,13-15,"$21,000.00 "
12140,13-15,"$45,000.00 "
